deg,seed,n,b_end,rootA,ratio,strict,loose
1,1,2876,2.8061389037458793,1.9759704589711837,1.4201320120984673,0,0
1,1,2015,1.70254835527952,1.9759704589711837,0.86162642136157,0,0
1,2,3341,0.1064778131327989,0.8763094322535601,0.12150709465602277,0,0
1,2,4219,1.8558143375234701,0.8763094322535601,2.1177614541372303,0,1
1,3,2813,2.2129360300403076,1.5493172379986886,1.428329831854734,0,0
1,3,5550,3.1276197871668665,1.5493172379986886,2.0187084416661696,0,0
1,4,3879,3.4008567477763276,1.7707237379366545,1.9206026750051899,0,0
1,4,2413,0.7985645349240363,1.7707237379366545,0.4509820012096116,0,0
1,5,2558,0.7080917210759171,0.4351249074119506,1.6273297828146107,0,0
1,5,1760,1.2792323994480537,0.4351249074119506,2.9399199578270796,0,0
2,1,3368,5.0908486652584015,1.241932202094442,4.099135731139751,0,0
2,1,2880,0.33536298988608526,1.241932202094442,0.270033250865479,0,0
2,1,3365,4.5063820862952655,1.241932202094442,3.6285250343742836,0,0
2,1,2889,0.33536132094535304,1.241932202094442,0.27003190703952024,0,0
2,1,2359,9.175971270840373,1.241932202094442,7.38846392368735,0,0
2,1,3003,9.935665972988845,1.241932202094442,8.000167767800011,0,0
2,2,3970,6.16372977596148,2.9838323148328487,2.065709170492299,0,0
2,2,1594,3.0857811178834704,2.9838323148328487,1.0341670684856608,0,0
2,2,2719,1.506328628864116,2.9838323148328487,0.5048301881362589,0,0
2,2,2347,1.0618823103579869,2.9838323148328487,0.3558786816133374,0,0
2,2,5003,4.348170276453334,2.9838323148328487,1.45724351024629,0,0
2,2,1836,0.7427473063150708,2.9838323148328487,0.24892394342095553,0,0
2,3,2115,6.873950040159854,1.2492027661927643,5.502669563492734,0,0
2,3,2897,2.567819263200819,1.2492027661927643,2.0555664241977665,0,0
2,3,2797,35.18386493989619,1.2492027661927643,28.165055259305255,0,0
2,3,1165,30.988445162416035,1.2492027661927643,24.806577443676755,0,0
2,4,7025,11.807327892268571,4.972875658231091,2.3743460934369254,0,0
2,4,2639,3.164284267977664,4.972875658231091,0.6363087447682607,0,0
2,4,3676,3.5373684959856853,4.972875658231091,0.711332584825571,0,0
2,4,2941,2.263435810308814,4.972875658231091,0.45515632520639865,0,0
2,5,1039,4.313086544558243,1.640500327944441,2.6291287304785684,0,0
2,5,701,0.9869712309586275,1.640500327944441,0.6016281826626086,0,0
2,5,1043,3.978103734462678,1.640500327944441,2.4249332150071994,0,0
2,5,703,0.5814026019513614,1.640500327944441,0.35440566030234394,0,0
3,1,2855,0.03194103165724395,1.5124253183907626,0.021119080240755005,0,0
3,1,6995,0.27870911243082236,1.5124253183907626,0.18427958659629684,0,0
3,1,3774,2.6648615847174217,1.5124253183907626,1.7619789567876742,0,0
3,1,3248,0.9155196894631253,1.5124253183907626,0.6053321630698755,0,0
3,2,757,10.603890666707526,3.38408871949333,3.1334552801840116,0,0
3,2,628,10.28820198961177,3.38408871949333,3.040169109736618,0,0
3,2,779,4.76075095087894,3.38408871949333,1.4068044148652596,0,0
3,2,630,4.118278636685425,3.38408871949333,1.2169535074429192,1,1
3,3,886,8.340598826145458,1.2216551378226028,6.827294027520065,0,0
3,3,2074,12.031307472785116,1.2216551378226028,9.848366449985976,0,0
3,3,1734,0.3746341549918175,1.2216551378226028,0.3066611381502808,0,0
3,3,1013,0.5297290349605664,1.2216551378226028,0.4336158532470304,0,0
3,3,912,0.5619990528490054,1.2216551378226028,0.4600308511374784,0,0
3,3,2690,9.38943113970529,1.2216551378226028,7.685827897748942,0,0
3,4,3964,6.89224772041481,3.974812668292729,1.7339805157094823,0,0
3,4,1585,5.12924347565913,3.974812668292729,1.290436532160459,0,0
3,4,2590,2.327598468192872,3.974812668292729,0.5855869603013587,0,0
3,4,1820,1.8917620275366989,3.974812668292729,0.4759374052083951,0,0
3,5,948,16.09449804568698,2.182465554799811,7.374456843220723,0,0
3,5,825,15.990504984301857,2.182465554799811,7.326807494915356,0,0
3,5,1243,2.424718631578619,2.182465554799811,1.1109997251713917,0,0
3,5,958,0.48747918529632084,2.182465554799811,0.2233616856972734,0,0
4,1,1005,0.6068376525259094,5.166891288693562,0.11744734282562137,0,0
4,1,1305,2.2404462156631046,5.166891288693562,0.4336158998672482,0,0
4,1,936,5.531376873182887,5.166891288693562,1.0705425301451397,0,0
4,1,1124,5.902832360909421,5.166891288693562,1.1424340151739365,0,0
4,2,929,0.82894050606556,2.0103697908203304,0.41233235290872094,0,0
4,2,980,1.0149648030258591,2.0103697908203304,0.504864730688031,0,0
4,2,957,1.61736085799467,2.0103697908203304,0.8045091332847311,0,0
4,2,1060,2.0432327582834118,2.0103697908203304,1.0163467276583338,0,0
4,3,2185,12.944185645271327,1.7900352422661325,7.231246256852667,0,0
4,3,4072,16.96909128628002,1.7900352422661325,9.479752624757065,0,0
4,3,1971,0.4491618381895008,1.7900352422661325,0.25092346093749246,0,0
4,3,6754,14.814242387062459,1.7900352422661325,8.275950125042264,0,0
4,3,1955,0.44916254291909047,1.7900352422661325,0.2509238546334226,0,0
4,3,4518,10.009519091628505,1.7900352422661325,5.591800013365516,0,0
4,4,614,12.799216275132272,1.445446711040614,8.854851705960014,0,0
4,4,644,12.8521992174227,1.445446711040614,8.891506770367256,0,0
4,4,618,0.42060649524290955,1.445446711040614,0.29098720280051293,0,0
4,4,637,0.43071937155701673,1.445446711040614,0.29798357024655087,0,0
4,4,613,14.996323745478229,1.445446711040614,10.374871401991701,0,0
4,4,643,15.041591627289801,1.445446711040614,10.406188974245184,0,0
4,5,1104,3.3838967716415964,1.297796645392988,2.6074167965019766,0,0
4,5,880,2.3998102834306274,1.297796645392988,1.8491419992104672,0,0
4,5,916,0.3777696512646899,1.297796645392988,0.2910853966264467,0,0
4,5,894,1.569707093648343,1.297796645392988,1.2095169911407944,0,0
4,5,894,0.39466380374403226,1.297796645392988,0.30410296185079405,0,0
4,5,919,2.0147581753299524,1.297796645392988,1.5524452020138026,0,1
4,5,920,5.231316540789611,1.297796645392988,4.030921608065574,1,1
4,5,732,4.640347207654034,1.297796645392988,3.5755580229974187,0,0
5,1,3172,7.73125960059733,4.7421055055532175,1.6303432286657644,0,0
5,1,3128,7.730473041293674,4.7421055055532175,1.6301773615624842,0,0
5,1,8347,4.004794071404653,4.7421055055532175,0.8445181294922394,0,0
5,1,3904,0.3806267206920798,4.7421055055532175,0.0802653421030698,0,0
5,1,3503,4.191045968669625,4.7421055055532175,0.8837943322352746,0,0
5,1,4041,0.38062509673065303,4.7421055055532175,0.08026499964729254,0,0
5,2,845,5.322918292370015,1.531288174598143,3.4761048773637344,0,0
5,2,1008,5.524724865455408,1.531288174598143,3.6078936395530286,0,0
5,2,884,0.3765745986730994,1.531288174598143,0.2459201376461515,0,0
5,2,882,0.362276336294768,1.531288174598143,0.23658272969412855,0,0
5,2,995,1.9674851872896393,1.531288174598143,1.2848562536610508,0,0
5,2,1268,2.4806157255029224,1.531288174598143,1.6199535571767294,0,1
5,3,3691,3.0914889293619088,3.563829402490776,0.8674626589031601,0,0
5,3,3149,6.749973377701252,3.563829402490776,1.894022585083244,0,0
5,3,4005,3.0914875413382905,3.563829402490776,0.8674622694278341,0,0
5,3,2095,0.7706941785610164,3.563829402490776,0.2162545092709474,0,0
5,3,1682,0.26149474112686055,3.563829402490776,0.07337465170024714,0,0
5,3,3891,0.12648505608007915,3.563829402490776,0.03549133300030529,0,0
5,3,5603,7.460911025038084,3.563829402490776,2.093509588260207,0,0
5,3,2018,0.5773392947943109,3.563829402490776,0.16199970020753685,0,0
5,4,2793,0.7131655301218023,1.379727478434318,0.51688869089647,0,0
5,4,3579,0.7515334498668392,1.379727478434318,0.544697022864009,0,0
5,4,2357,0.5407571859145273,1.379727478434318,0.3919304314560479,0,0
5,4,3370,2.063267556569544,1.379727478434318,1.495416731796116,0,0
5,5,7165,1.0258567314513516,1.2713714670962795,0.8068898492698866,0,0
5,5,92317,78.82086972869747,1.2713714670962795,61.99672697446848,0,1
5,5,53778,48.261405548922866,1.2713714670962795,37.96011378102454,0,1
5,5,92198,78.82115787644297,1.2713714670962795,61.996953617706076,1,1
5,5,56786,48.26159590263035,1.2713714670962795,37.96026350414827,0,1
5,5,58921,53.921264509062084,1.2713714670962795,42.41188818891331,1,1
5,5,50872,48.642502626149934,1.2713714670962795,38.259866518198564,1,1
5,5,57932,53.92058976077431,1.2713714670962795,42.4113574641761,0,1
6,1,1386,7.034783179163907,1.3139187774733512,5.354047221009889,0,0
6,1,104402,9.727942601823347,1.3139187774733512,7.403762522162942,0,0
6,1,3130,0.23284634276976438,1.3139187774733512,0.17721517247628113,0,0
6,1,1393,0.2464209518701591,1.3139187774733512,0.18754656383252502,0,0
6,2,2188,0.2793375730881737,3.824166693937326,0.07304534437032356,0,0
6,2,5628,3.308220996768311,3.824166693937326,0.8650828432800867,0,0
6,2,2370,5.252059630412904,3.824166693937326,1.373386688069665,0,0
6,2,3749,6.030796294472693,3.824166693937326,1.5770223364043376,0,0
6,3,3471,4.675687761714231,1.6434657792502805,2.8450168057939096,0,0
6,3,1878,2.8409479372895343,1.6434657792502805,1.7286322436147856,0,0
6,3,4870,6.901772959138486,1.6434657792502805,4.199523376925408,1,1
6,3,1754,3.330575316871683,1.6434657792502805,2.0265559276756173,0,0
6,4,1183,5.456029536781914,1.3815846562466263,3.949109822632512,0,0
6,4,997,1.205493601441413,1.3815846562466263,0.872544144139815,0,0
6,4,834,0.3760252297478706,1.3815846562466263,0.27216951784150856,0,0
6,4,1013,1.2054681081954604,1.3815846562466263,0.8725256919618486,0,0
6,4,977,0.41967361457590063,1.3815846562466263,0.30376250393228516,0,0
6,4,764,0.5063955041199671,1.3815846562466263,0.3665323741331205,0,0
6,4,1007,5.838310117048407,1.3815846562466263,4.225807004045224,1,0
6,4,2152,10.28662547867145,1.3815846562466263,7.445526723362211,0,0
6,5,841,0.20811438006678623,1.2882236032014671,0.16155144149632455,0,0
6,5,1069,0.2307328751531268,1.2882236032014671,0.17910933674846055,0,0
6,5,1131,9.209064051688378,1.2882236032014671,7.148653408307532,0,0
6,5,857,8.907285681973548,1.2882236032014671,6.914394100401004,0,0
